<?xml version="1.0" encoding="UTF-8"?>

<mule xmlns:db="http://www.mulesoft.org/schema/mule/db" xmlns:jms="http://www.mulesoft.org/schema/mule/jms" xmlns:http="http://www.mulesoft.org/schema/mule/http" xmlns:tracking="http://www.mulesoft.org/schema/mule/ee/tracking" xmlns="http://www.mulesoft.org/schema/mule/core" xmlns:doc="http://www.mulesoft.org/schema/mule/documentation"
	xmlns:spring="http://www.springframework.org/schema/beans" version="EE-3.7.2"
	xmlns:xsi="http://www.w3.org/2001/XMLSchema-instance"
	xsi:schemaLocation="http://www.springframework.org/schema/beans http://www.springframework.org/schema/beans/spring-beans-current.xsd
http://www.mulesoft.org/schema/mule/core http://www.mulesoft.org/schema/mule/core/current/mule.xsd
http://www.mulesoft.org/schema/mule/http http://www.mulesoft.org/schema/mule/http/current/mule-http.xsd
http://www.mulesoft.org/schema/mule/ee/tracking http://www.mulesoft.org/schema/mule/ee/tracking/current/mule-tracking-ee.xsd
http://www.mulesoft.org/schema/mule/db http://www.mulesoft.org/schema/mule/db/current/mule-db.xsd
http://www.mulesoft.org/schema/mule/jms http://www.mulesoft.org/schema/mule/jms/current/mule-jms.xsd">
    <http:listener-config name="HTTP_Listener_Configuration" host="localhost" port="9081" doc:name="HTTP Listener Configuration"/>
    <spring:beans>
        <spring:bean id="Bean" name="Bean" class="com.mulesoft.training.Database"/>
    </spring:beans>
    <db:derby-config name="Derby" url="jdbc:derby:memory:muleEmbeddedDB;create=true" doc:name="Derby Configuration"/>
    <jms:activemq-connector name="activeMQ" brokerURL="vm://localhost" validateConnections="true" doc:name="Active MQ"/>
    <flow name="mavenFlow">
        <http:listener config-ref="HTTP_Listener_Configuration" path="/maven" doc:name="HTTP"/>
        <set-payload value="#['Hello Maven']" doc:name="Set Payload"/>
    </flow>
    <flow name="retrieveFlights">
        <http:listener config-ref="HTTP_Listener_Configuration" path="/retrieveFlights" doc:name="Http"/>
        <db:select config-ref="Derby" doc:name="Database">
            <db:parameterized-query><![CDATA[select * from flights]]></db:parameterized-query>
        </db:select>
        <object-to-string-transformer doc:name="Object to String"/>
        <jms:outbound-endpoint queue="flights" connector-ref="activeMQ" doc:name="JMS"/>
    </flow>
    <flow name="logFlights">
        <jms:inbound-endpoint queue="flights" doc:name="JMS"/>
        <logger message="#[payload]" level="INFO" doc:name="Logger"/>
    </flow>
</mule>
